a, 58
a-priori, 1
a3c-, 2
aasp, 2
abandon, 2
abdomin, 1
abil, 39
abl, 28
ablat, 5
abnorm, 14
abound, 1
abridg, 1
absenc, 6
absent, 1
absolut, 4
abstain, 1
abstent, 1
abstract, 9
abstraction-bas, 1
abund, 4
abus, 1
ac, 8
ac-, 1
ac-count, 1
academ, 5
academia, 4
acceler, 37
accept, 11
access, 34
accid, 1
accident, 3
accommod, 4
accompani, 4
accomplish, 2
accord, 27
account, 14
accumul, 7
accur, 42
accuraci, 124
accuracy-robust, 1
achiam, 1
achiev, 141
acm, 1
acoust, 10
acquir, 13
acr, 2
across, 41
act, 9
action, 37
action-st, 1
activ, 31
actor, 3
actor-crit, 12
actor-evaluator-learn, 1
actual, 7
acut, 1
acycl, 4
ad, 9
ad-hoc, 2
ada, 2
adagrad, 1
adahedg, 1
adam, 1
adams-bashford-moulton, 1
adapt, 85
adaptor, 1
add, 6
add-on, 2
addit, 68
addon, 2
address, 66
ade, 1
adequ, 1
adimension, 4
adjac, 6
adjust, 10
administr, 1
admit, 1
admitt, 1
adopt, 29
adr, 2
adult, 2
advanc, 33
advantag, 39
advection-diffus, 1
advection-diffusion-react, 1
advective-diffus, 1
advent, 5
adversari, 58
adversarially-robust, 1
advertis, 6
advoc, 3
ae, 1
aec, 2
aec-challeng, 1
aerial, 5
aerial-terrestri, 1
aerospac, 1
aesthet, 12
affect, 23
affin, 9
aforement, 1
after, 7
afterward, 2
age, 9
agent, 42
aggrav, 1
aggreg, 23
aggregated/coars, 1
aggress, 1
agnost, 3
ago, 1
agre, 4
agreement, 2
agricultur, 1
ahead, 2
ai, 16
ai-bas, 1
aic, 2
aid, 8
aim, 50
aingworth, 1
aiot, 3
air, 1
aircraft, 3
aistats2019, 2
aitchison, 1
akaik, 1
al, 14
alarm, 4
albeit, 2
albert, 3
albipenni, 2
alert, 1
alexnet, 1
algebra, 4
algorithm, 263
align, 28
alisarin, 1
aliv, 1
all, 2
all-at-onc, 1
allen, 1
allevi, 13
alloc, 25
allow, 56
almost, 8
alon, 6
along, 20
alongsid, 1
alpha, 1
alphaqubo, 1
alreadi, 4
also, 139
alter, 2
altern, 19
although, 19
altitud, 1
altogeth, 1
alway, 9
amazon, 1
amber, 5
ambigu, 5
ambison, 3
amelior, 1
amen, 4
amhar, 1
ami, 1
among, 35
amort, 2
amount, 24
ampl, 1
amplifi, 1
amplitud, 1
amr, 1
amsgrad, 1
an, 7
analog, 6
analogu, 1
analys, 11
analysi, 98
analyst, 3
analyt, 20
analyz, 50
anatom, 2
and, 4
and/or, 4
andmiss, 1
andpubl, 1
angl, 1
angular, 1
anim, 7
anisotropi, 1
ann, 8
annot, 28
annual, 1
anomal, 4
anomali, 21
anonym, 8
anoth, 12
answer, 16
ant, 6
antenna, 3
anthropomorph, 1
anticip, 2
anymor, 1
aoi, 3
aolm, 1
aom, 3
ap, 4
apart, 3
apertur, 1
api, 1
apl, 2
app, 7
appar, 1
appd, 2
appeal, 5
appear, 11
append, 1
appli, 81
applic, 129
approach, 222
appropri, 12
approxim, 75
april, 1
aptitud, 1
aqua, 1
ar, 3
arab, 4
arbitrari, 11
arbitrarili, 3
arbitrarily-vari, 1
archaeolog, 1
architectur, 91
archiv, 2
arduino, 1
are, 2
area, 29
arena, 1
argu, 8
arguabl, 2
argument, 1
arima, 2
aris, 12
arisen, 1
arithmet, 2
ariti, 1
arm, 6
around, 14
arrang, 3
array, 5
arriv, 6
arrow, 1
arsenal, 1
art, 15
artefact, 1
articl, 18
artifact, 4
artifici, 27
artist, 2
as, 24
as-sign, 1
asc, 1
ase, 1
asi, 1
ask, 7
aspect, 14
aspect-bas, 1
asr, 11
assembl, 5
assert, 3
assess, 24
asset, 7
assign, 13
assist, 9
associ, 19
assort, 6
assum, 18
assumpt, 21
assur, 2
ast, 1
astrodynam, 1
asymmetr, 1
asymmetri, 1
asymptot, 4
asynchron, 8
asynchroni, 1
at, 10
atari, 3
athena, 1
atlas, 1
atmospher, 1
atom, 4
atreya, 2
atrpo, 1
attach, 3
attack, 65
attacker-chosen, 1
attain, 5
attempt, 11
attend, 5
attent, 71
attention-bas, 2
attention-weight, 1
attenu, 2
attitud, 1
attract, 6
attractor, 3
attribut, 22
auc, 1
audaci, 1
audienc, 1
audio, 24
audio-bas, 1
audio-visu, 4
audiobook, 1
auditori, 1
augment, 40
augmentation-awar, 1
authent, 5
author, 16
auto-curricula, 1
auto-curriculum, 1
auto-encod, 2
auto-grad, 1
auto-nba, 3
autoencod, 3
autoloss, 3
autom, 21
automat, 38
automata, 10
automaton, 3
automl, 6
automobil, 1
automot, 1
autonom, 10
autonomi, 4
autoregress, 6
auxiliari, 3
av, 3
avail, 58
ave, 1
avenu, 2
averag, 49
average-reward, 7
avers, 1
avion, 1
avoid, 20
aw, 1
awar, 4
away, 2
axe, 2
axi, 1
axis-parallel, 1
b, 4
b\, 1
back, 4
back-end, 2
backbon, 10
backdoor, 7
background, 8
backhand, 1
backhaul, 9
backpropag, 6
backpropagat, 1
backtest, 1
backward, 1
bad, 7
bag, 2
bai, 1
bailout, 4
balanc, 8
ball, 2
ban, 1
band, 4
bandit, 1
bandpass, 1
bandwidth, 4
bandwidth-constrain, 1
bandwidth-rel, 1
bangla, 6
bank, 2
barlow, 1
barman, 2
barrier, 3
barron, 4
base, 176
baselin, 55
basi, 11
basic, 13
basin, 1
baswana, 1
batch, 6
batteri, 5
battery-oper, 1
baud-rat, 2
baveja, 1
bay, 2
bayesian, 19
bc-pinn, 3
bc5cdr, 2
be, 2
beam, 5
beamform, 5
bear, 1
beat, 1
becam, 3
becaus, 4
becom, 32
begin, 6
begun, 1
behav, 1
behavior, 43
behaviour, 14
behind, 5
belarusian, 1
belief, 2
believ, 5
bellman, 2
bellman-consist, 1
bellman-ford, 5
belong, 1
benchmark, 63
benefici, 5
benefit, 29
benign, 1
bernoulli, 2
bert, 31
bert-bas, 1
bert-lik, 2
besid, 12
best, 41
best-known, 2
best-perform, 2
best/worst, 1
better, 75
bev, 2
bewar, 1
beyond, 4
bht, 2
bi-direct, 2
bi-level, 1
bi-parallel, 1
bi-realnet, 1
biaffin, 1
bias, 30
bias-vari, 1
bidirect, 6
bifi, 4
bifurc, 5
big, 5
big5, 1
bigger, 1
biharmon, 1
biject, 1
bilater, 1
bilevel, 1
bilibili, 1
bilingu, 1
billiard, 1
billion, 3
bimod, 4
binari, 16
binarized-mnist, 1
bind, 1
biobank, 1
biocom, 2
bioinformat, 1
biolog, 11
biomed, 5
bionic, 1
bipartit, 3
bird, 2
birth, 1
bisect, 1
biswa, 2
bit, 1
bit-oper, 2
bit-rat, 1
bit-reset, 1
bit-set, 1
bit-width, 1
biterm, 1
bitrack, 1
bitwidth, 3
black, 6
black-box, 12
blackbox, 1
blend, 3
blind, 1
blind-tim, 1
blob, 1
block, 26
blockag, 4
blockchain, 1
blood, 1
bloom, 4
blow, 1
blur, 2
bmcs, 3
bmdp, 1
bmdps, 2
bmuf, 1
bn, 2
bnn, 3
bnns, 4
boat, 1
bodi, 4
body-edg, 1
body-edgebranch, 1
boil, 1
bokm, 1
bond, 1
bonus, 1
bonus-bas, 3
book, 2
boolean, 7
boolean-valu, 1
boolnet, 2
boost, 13
boot, 1
bootstrap, 3
border, 2
born, 1
boston, 3
bot, 2
both, 3
bottleneck, 9
bottom-up, 2
bound, 54
boundari, 19
box, 16
box-bas, 2
bpm, 1
brace, 1
brain, 10
bram, 1
branch, 13
brand, 3
breach, 1
break, 6
break-it-fix-it, 1
breaker, 2
breakthrough, 4
breast, 1
bregman, 1
bridg, 10
bridge-rul, 1
brief, 1
bright, 5
brighter, 1
bring, 7
bristl, 1
brittl, 1
broad, 6
broader, 2
brought, 2
brownian, 1
bs, 1
bsd68, 1
bss, 1
btm, 1
bucket, 1
bucket-brigad, 1
budget, 5
budget-effici, 1
buffer, 4
bug, 6
bugloc, 1
bugzbook, 1
build, 33
built, 17
bulki, 1
bullet, 5
bundl, 1
burden, 4
burgeon, 1
burst, 1
busi, 6
but, 7
button, 2
buy, 1
buy/hold/sel, 1
by, 23
byproduct, 1
c, 12
c++, 1
c+\sum_, 1
c+d^2k/\delta_, 1
ca, 4
cabl, 2
cach, 32
cache-aid, 1
cad, 5
caff, 1
caffemodel, 1
cahn, 2
calcul, 14
calculi, 2
calculus, 2
calibr, 8
call, 43
callhom, 1
came, 1
camera, 21
camera-lidar, 3
can, 1
canal, 6
cancel, 2
cancer, 9
candid, 14
canon, 9
canonic, 1
canopi, 1
cap, 2
capabl, 41
capac, 19
capit, 1
capsul, 3
capsule-lstm, 2
captur, 48
car, 1
car-net, 3
carbon, 3
cardiac, 2
cardin, 4
care, 5
career, 5
carla, 1
carlo, 1
carri, 11
carrier, 2
cartesian, 2
cartl, 2
carv, 1
cascad, 17
case, 81
cast, 3
catastroph, 3
categor, 13
categori, 18
categoris, 1
caus, 18
causal, 14
cautious, 1
cbf, 1
cbf-clf-qp, 1
cbfs, 3
cca, 2
cdc, 1
cdf, 1
cdn, 2
cdns, 2
ce, 4
celeba, 2
cell, 23
cellular, 2
censor, 1
census, 1
center, 11
centr, 2
central, 16
centric, 1
certain, 22
certif, 3
certifi, 7
ces, 1
cf, 8
cf-evrp, 2
cfedavg, 5
cfl, 2
cg, 2
ch, 1
chain, 9
challeng, 115
chanc, 2
chang, 31
changeabl, 1
channel, 29
channel-mix, 2
channel-wis, 1
chaotic, 4
chapter, 2
charact, 8
character, 18
characterist, 9
charg, 3
chart, 1
cheap, 4
chechik, 2
check, 15
checker, 2
checkpoint, 2
cheeger-typ, 1
chembl, 2
chemic, 4
chemistri, 4
chest, 6
chick, 2
chicken, 1
children, 1
chile, 1
chilean, 2
chines, 4
chinese-english, 1
chip, 1
choic, 16
choos, 9
chosen, 4
chunk, 3
cidoc, 1
cifar-10, 10
cifar10, 4
cifar100, 2
cikm, 1
cim, 2
cine-magnet, 1
cipher, 3
circuit, 7
circular, 1
circumst, 3
circumv, 1
citat, 4
citation/tweet, 1
cite, 1
citi, 3
citizen, 1
cityscap, 1
cl, 3
claim, 3
clarifi, 1
class, 66
class-bas, 1
class-condit, 1
class-mix, 1
classic, 29
classif, 93
classifi, 46
classification/recognit, 1
claus, 3
clean, 6
clear, 10
clf, 1
clfs, 2
click, 3
click-act, 1
clickbait, 2
client, 19
client-serv, 1
climat, 6
climb, 3
clinic, 9
clinical/biomed, 1
clinicalbert, 1
clinically-realist, 1
clip, 2
clone, 3
clone-resist, 1
close, 21
closed, 1
closed-form, 1
closely-rel, 1
closer, 1
closest, 1
closur, 2
cloud, 15
cloud-bas, 1
cloudi, 1
cls, 1
clue, 1
cluster, 22
clustering-bas, 1
cmac, 4
cmdp, 6
cmdp-psrl, 2
cmos, 1
cnmf, 3
cnn, 24
cnn-base, 2
cnns, 20
co-attent, 2
co-b\, 3
co-label, 1
co-loc, 1
co-occurr, 5
co-search, 4
co-search/explor, 1
coars, 5
coarse-grained/fine-grain, 1
coarse-level, 1
coarse-to-fin, 1
coarsen, 5
coast, 1
coastal, 2
cockpit, 1
coco, 2
code, 58
codebas, 1
codelabel, 4
codimens, 1
coeffici, 9
cognit, 17
cognitive-semant, 1
coher, 9
coin, 1
coincident, 1
cola, 1
cold, 4
collabor, 12
collaps, 2
collect, 52
collective-individu, 2
colleg, 1
collis, 2
collision-fre, 2
colloc, 3
colombia, 1
coloni, 1
color, 11
colt2019, 1
column, 2
columns/row, 4
combat, 2
combin, 56
combinatori, 12
come, 13
comic, 2
comment, 3
commerci, 4
commercial-off-the-shelf, 1
commit, 1
committe, 1
commod, 2
common, 39
commonly-us, 1
commonsens, 8
communic, 33
communication-effici, 1
communiti, 13
community-wid, 1
commut, 1
comp, 1
compact, 4
compani, 4
compar, 109
comparison, 22
compat, 4
compel, 1
compens, 2
compert, 1
compet, 8
competit, 15
competitor, 1
compil, 3
complement, 4
complementar, 1
complementari, 5
complementarili, 1
complet, 32
complex, 102
complex-background, 1
complex-valu, 1
complianc, 1
complic, 1
compon, 41
compos, 6
composit, 6
compound, 5
comprehens, 20
compress, 18
compressor, 2
compris, 6
compromis, 2
comput, 161
computer-bas, 1
computeris, 1
concaten, 2
concav, 2
conceiv, 2
concentr, 1
concept, 25
concept-bas, 1
conceptu, 7
concern, 11
concis, 3
conclud, 8
conclus, 3
concord, 1
concret, 5
concurr, 2
condit, 55
conduc, 1
conduct, 34
confer, 2
confid, 6
configur, 11
confirm, 8
conflict, 6
conflict-fre, 1
confluenc, 2
confoc, 1
conform, 7
conformer-bas, 2
confound, 2
confounder-independ, 1
confront, 1
confus, 2
congest, 4
congruenc, 1
conjugate-gradi, 1
conjunct, 2
connect, 45
connectionist, 1
conprom, 1
consecut, 4
consensus, 11
consensus-clos, 2
consensus-far, 2
consequ, 10
conserv, 12
conservat, 1
consid, 68
consider, 14
consist, 63
consol, 2
consolid, 4
consortia, 1
constant, 10
constant-factor, 1
constitu, 3
constitut, 5
constrain, 10
constraint, 50
construct, 27
consult, 1
consum, 5
consumpt, 11
consumption-bas, 1
contact, 17
contain, 39
contemporari, 3
content, 30
context, 47
context-, 1
context-awar, 4
context-independ, 1
contextinform, 1
contextu, 10
conting, 1
contingency-awar, 2
continu, 31
continuous-grow, 1
contract, 1
contradict, 1
contrari, 1
contrast, 40
contrastive-bas, 1
contribut, 21
contribution-rel, 1
control, 86
controlled-rear, 1
conv1, 1
conv2, 1
conveni, 2
convent, 18
converg, 53
convers, 9
conversation-level, 1
convert, 6
convex, 6
convex-, 1
convnet, 2
convolut, 64
convolution-fre, 2
convolution-inspir, 1
cooccurr, 1
cook, 1
cooper, 2
coordin, 26
copolym, 1
core, 16
corneal, 2
corner, 2
corollari, 1
coronavirus, 1
corpora, 3
corpus, 19
correct, 48
correl, 41
correlation-bas, 1
correspond, 24
corrobor, 3
corrupt, 10
corruption-robust, 1
cortic, 1
cosmic, 1
cost, 46
cost-c, 1
cot, 2
could, 28
count, 6
countabl, 1
counter, 2
counter-intuit, 1
counterfactu, 4
counterpart, 6
countri, 4
coupl, 20
coupling-induc, 1
courant, 1
courant-friedrichs-lewi, 1
cours, 1
covari, 6
cover, 15
coverag, 7
covid, 1
covid-19, 20
cox, 1
coxian, 1
cpe, 6
cpt, 1
cpu, 3
cpu-level, 1
cpus, 1
cqt, 1
crack, 1
crack-tip, 1
craft, 4
crash, 1
creat, 28
creation, 2
creativ, 2
creator, 2
creatur, 1
credenc, 1
crf, 3
crfs, 3
crime, 1
criteria, 16
criterion, 11
critic, 27
critiqu, 1
crm, 1
cross, 6
cross-attent, 1
cross-channel, 1
cross-correl, 1
cross-dimens, 1
cross-domain, 2
cross-entropi, 4
cross-languag, 1
cross-lingu, 4
cross-mod, 4
cross-patch, 1
cross-platform, 1
cross-sent, 2
cross-subject, 1
cross-view, 1
crosstalk, 1
crouzeix-raviart, 2
crowd, 3
crowdsourc, 7
crowdsourcing-bas, 1
crucial, 16
crude, 1
cruis, 2
cryptograph, 1
crystallographi, 1
cs-dasa, 2
csi, 3
csir, 1
csr, 1
csrs, 2
ct, 2
cube, 1
cuda, 1
cue, 1
cullnet, 1
cultiv, 1
cultur, 4
cumul, 3
cur, 1
cur-rent, 1
curat, 11
curb, 1
currenc, 1
current, 39
curs, 1
curv, 4
curvatur, 3
curve-travers, 1
custom, 25
customiz, 1
cut, 9
cutting-edg, 2
cv, 1
cvpr2021, 1
cwe, 1
cwes, 1
cyber, 1
cycl, 1
cyclic, 2
d, 5
d+o, 1
d-sigma, 3
d2c, 5
d2d, 1
d\, 1
d\epsilon, 1
d\sqrt, 1
d^, 1
d^2, 1
d^2k, 1
d^3, 1
dag, 9
dag-nocurl, 1
daili, 3
daily-lif, 1
damag, 3
danger, 1
dark, 1
darker, 1
dart, 4
darts-pt, 1
data, 413
data-centr, 1
data-driven, 10
data-rich, 1
data-spars, 1
data-specif, 2
databas, 18
datalog, 1
dataset, 222
dataset-awar, 1
dataset-depend, 1
dataset-specif, 1
date, 4
daunt, 1
davi, 1
dawid-sken, 1
day, 5
dazzl, 1
db, 1
dbull, 1
dcase, 5
dcca, 1
dct, 1
ddpm, 1
dds, 5
dead, 1
deal, 10
death, 2
deberta, 1
debias, 5
deby, 1
decad, 9
decay, 4
deceiv, 1
decentr, 2
decept, 6
decid, 2
decis, 35
decision-mak, 8
declar, 2
decod, 24
decompos, 3
decomposit, 7
decompress, 1
decoupl, 3
decreas, 16
dedic, 2
deduc, 1
deduct, 2
deep, 135
deep-learn, 1
deep-learning\textendash, 2
deepen, 1
deeper, 2
deepest, 1
deepfix, 2
deepli, 3
deepmmsa, 1
deepsort, 1
deepwis, 1
default, 1
defect, 11
defend, 2
defens, 4
deferr, 1
defici, 2
defin, 34
definit, 7
deform, 3
degener, 3
degrad, 3
degre, 12
degree-of-freedom, 1
degrees-of-freedom, 1
delay, 12
delay-as-optim, 1
deleg, 1
delet, 5
deliv, 1
deliveri, 8
demand, 14
demo, 2
demodul, 1
demograph, 1
demonstr, 135
denois, 6
denois-, 1
denot, 3
dens, 21
densenet121, 1
densifi, 1
densiti, 17
depend, 49
depict, 1
deploy, 37
depth, 15
depth-, 1
depth-wis, 1
depthwis, 2
deriv, 54
descent, 23
describ, 37
descript, 12
descriptor, 1
design, 130
desir, 8
desktop, 1
despit, 24
destin, 4
destruct, 1
detail, 19
detect, 118
detector, 13
deterior, 2
determin, 31
determinaci, 1
determinant, 3
determinist, 8
detriment, 3
dev, 1
dev-oth, 1
develop, 119
deviat, 7
devic, 41
device-to-devic, 1
devis, 12
devop, 1
devot, 2
dfinet, 4
dg, 4
dg/hermit, 1
dgg, 2
dh, 4
diagnosi, 12
diagnost, 4
diagram, 1
diagrammat, 1
dialdoc, 1
dialect, 5
dialog, 8
dialogu, 4
diamet, 2
diarize, 2
diblock, 1
dice, 1
dictionari, 2
diffculti, 1
differ, 176
differenti, 35
difficult, 24
difficulti, 10
diffus, 15
diffusion-bas, 1
diffusion-decod, 1
diffusion-react, 1
digit, 30
digitis, 1
dilat, 6
dilemma, 3
dimens, 18
dimension, 16
dimension-explicit, 2
dimension-fre, 1
dimensionality-reduct, 2
dimorph, 1
dip, 4
dipol, 4
dire, 1
direct, 81
direction-of-arriv, 2
dirichlet, 2
disadvantag, 2
disaggreg, 7
disagr, 2
disambigu, 3
disassembl, 4
disast, 3
discard, 4
disciplin, 3
discontinu, 3
discount, 3
discours, 3
discov, 19
discoveri, 8
discrep, 5
discret, 26
discrete-tim, 2
discrimin, 12
discriminatori, 1
discuss, 39
diseas, 22
disentangl, 6
disentangled-bas, 1
disentanglement-bas, 1
disguis, 7
disjoint, 1
disjunct, 2
diskn, 1
dispar, 3
dispatch, 1
displac, 1
display, 1
dispos, 1
dissemin, 1
dissert, 2
dissimilar, 1
distanc, 23
distance-qu, 1
distant, 3
distantly-rel, 1
distil, 24
distinct, 14
distinguish, 14
distort, 8
distortion-deliveri, 1
distractor, 1
distribut, 100
distributed/feder, 1
distributed~, 1
disturb, 7
dive, 1
diverg, 6
divers, 38
diversifi, 1
divid, 5
divis, 2
dl, 3
dl-base, 1
dl-optim, 1
dm, 2
dmcontrol, 1
dmn, 1
dmns, 1
dmp, 1
dmps, 3
dnn, 4
dnn-mrft, 1
dnns, 5
do, 1
do-main, 1
doa, 4
dock, 5
document, 40
document-ground, 1
dof, 1
domain, 82
domain-, 1
domain-invari, 1
domain-rel, 1
domain-specif, 8
domin, 2
done, 7
dorm, 1
dormp, 1
dose, 3
dot, 1
dot-product, 1
doubl, 3
double-blind, 1
doubt, 1
downlink, 1
downsampl, 2
downsid, 1
downstream, 19
dozen, 1
dp, 1
dp-normfedavg, 2
dpps, 1
draft, 2
dram, 5
dram+ssd, 1
drastic, 4
draw, 6
drawback, 1
drawn, 2
drgr, 4
drift, 3
drive, 12
driven, 2
driver, 7
drl, 13
dro, 2
drop, 9
drop-in, 1
dropout, 1
drug, 4
drum, 1
ds-transunet, 4
dsa, 2
dsm, 1
dsm-base, 1
dsp, 1
dstada, 3
dual, 1
dual-branch, 2
dual-hop, 1
dual-lay, 1
dual-scal, 1
dub, 3
due, 80
duel, 2
duf, 1
dull, 1
duplic, 1
durat, 7
dure, 2
dyck-languag, 1
dyglip, 1
dynam, 79
e, 2
e-commerc, 4
each, 9
eanet, 2
earli, 8
earlier, 2
eas, 3
easi, 5
easier-to-train, 1
easili, 14
easy-to-us, 1
eavesdrop, 1
ecg, 1
echo, 3
ecn, 2
ecolog, 1
econom, 7
econometr, 2
economi, 5
ecosystem, 4
edg, 35
edge-awar, 1
edge-crack, 1
edge-detect, 1
edge-enhanc, 1
edge-featur, 1
edit, 9
educ, 7
ee, 1
eeg, 7
eend, 7
effect, 148
efficaci, 7
effici, 107
efficiency-area, 1
efficient-network, 1
effort, 19
egalitarian, 3
egg, 1
egocentr, 4
eigenfunct, 2
eigenvalu, 4
eight, 2
einstein, 1
eisenberg, 1
either, 15
el, 4
elabor, 1
elast, 3
elbo, 1
elect, 1
electr, 10
electra, 2
electrif, 1
electrocardiogram, 1
electrod, 1
electroencephalograph, 1
electroencephalographi, 1
electromagnet, 3
electron, 1
eleg, 1
element, 27
elev, 3
eleven, 1
elicit, 2
elig, 1
elimin, 5
ellipsoid, 1
ellipt, 6
elucid, 1
elus, 1
emacs-bas, 1
emb, 2
embed, 34
emerg, 28
emiss, 4
emot, 6
emphas, 4
emphasi, 1
empir, 60
employ, 27
employe, 6
empow, 1
empric, 1
empti, 1
emr, 2
emul, 1
en, 4
en-to-, 1
en-to-d, 1
enabl, 51
enact, 1
enclos, 1
encod, 44
encoder-decod, 4
encoding-decod, 1
encount, 3
encourag, 8
encrypt, 7
encycloped, 1
end, 17
end-to-end, 18
end-us, 4
endang, 1
endeavor, 1
endem, 2
endotheli, 1
endothelium, 1
endow, 1
endur, 2
energi, 22
energy-constrain, 1
energy-effici, 2
enforc, 8
engag, 10
engend, 1
engin, 16
english, 24
english-german, 1
english-romanian, 1
enhanc, 41
enjoy, 5
enorm, 3
enough, 4
enrich, 4
ensembl, 11
ensur, 14
enthusiast, 1
entir, 11
entiti, 41
entrain, 1
entri, 1
entrop, 5
entropi, 3
entropy-bas, 3
enumer, 2
environ, 54
environment, 5
envis, 2
envy-fre, 1
epic-kitchens-100, 2
epicuri, 1
epidem, 4
episod, 6
epistem, 1
epoch, 2
equal, 12
equat, 36
equidist, 1
equilibria, 1
equilibrium, 6
equip, 7
equit, 1
equival, 10
equivari, 6
era, 1
ergod, 1
erron, 3
error, 67
ertp, 3
esddfd, 3
especi, 32
espnet, 1
essenc, 1
essenti, 14
establish, 23
estim, 87
et, 15
eta-mu, 1
etc, 15
ethic, 1
etica, 3
euclidean, 7
euler, 2
euler-maclaurin, 1
evalu, 136
evas, 1
evci, 1
even, 36
event, 44
event-bas, 3
event-driven, 1
eventu, 1
ever, 1
everi, 15
everyday, 1
everyon, 2
everyth, 1
evict, 1
evid, 20
evolut, 11
evolutionari, 6
evolv, 11
ex, 2
exacerb, 4
exact, 13
examin, 11
exampl, 51
exceed, 3
excel, 5
except, 4
excess, 7
exchang, 7
excit, 4
excitatori, 1
exclus, 1
execut, 16
exemplifi, 1
exhaust, 3
exhibit, 18
exist, 119
exogen, 3
exot, 1
expand, 6
expans, 9
expect, 14
expend, 1
expens, 9
experi, 154
experienc, 2
experiment, 64
expert, 15
expertis, 2
explain, 29
explainable-by-design, 1
explan, 30
explanatori, 1
explicit, 28
explod, 1
exploit, 34
explor, 47
exploration-driven, 1
exploratori, 5
exploring-and-distil, 1
explos, 2
exponenti, 13
export, 1
expos, 6
exposur, 3
express, 23
extend, 16
extens, 68
extent, 1
extern, 12
extra, 9
extract, 73
extractor, 2
extraordinarili, 1
extrapol, 4
extrem, 11
extremely-low, 1
extrins, 1
eye, 6
eye-track, 5
f, 10
f-t-lstm, 1
f1, 9
f1-score, 1
fa, 1
face, 35
facebook, 4
facet, 1
facial, 11
facil, 2
facilit, 11
fact, 11
fact-bas, 3
fact-rel, 1
factor, 33
fade, 6
fail, 15
failur, 12
fair, 31
fairer, 2
fairwash, 8
faith, 1
faithfulf, 1
fake, 2
fake-news-rel, 1
fall, 11
fals, 10
false-posit, 1
fama-macbeth, 1
famili, 11
familiar, 2
famous, 1
far, 9
far-field, 1
fare, 1
farview, 5
fashion, 12
fashion-mnist, 1
fast, 17
fast-grow, 1
faster, 23
fastreid, 1
fasttext, 1
fatigu, 2
fault, 6
favor, 5
fb15k-237, 1
fc, 1
fc1, 1
feasibl, 20
feather, 2
featur, 155
feature-heavi, 1
feature-rich, 1
fec, 3
fed, 2
fedasync, 1
fedavg, 2
fedavgm, 1
fedbuff, 7
feder, 24
feed, 3
feed-forward, 7
feedback, 18
feeder, 2
feeder-level, 1
feedforward, 1
feel, 1
felt, 1
fem, 6
feshi, 3
few, 2
few-shot, 12
fewer, 10
fewjoint, 1
ffhq, 1
fgsm, 1
fhe, 6
fiber, 1
fictiv, 1
fid, 4
fidel, 4
fidelity-unfair, 1
fiedler, 1
field, 50
fifth, 1
fifth-, 1
figur, 2
file, 10
fill, 15
film, 1
filter, 28
filtering/valid, 1
filtrat, 1
final, 60
financ, 1
financi, 8
find, 78
fine, 6
fine-grain, 12
fine-granular, 1
fine-tun, 19
finegrain, 1
finer, 2
finetun, 3
finger, 1
fingerprint, 3
finish, 1
finit, 26
finite-differ, 2
finite-dimension, 1
finite-sampl, 1
finite-tim, 1
finite-volum, 2
finite-width, 1
fir, 1
fire, 3
firm, 1
first, 99
first-ord, 5
fisher-rao, 2
fit, 7
five, 7
five-year, 1
fix, 23
fixed-budget, 1
fixed-confid, 1
fixed-s, 1
fixed-target, 1
fixer, 4
fl, 40
fl-fnn, 1
flag, 1
flat, 2
flavor, 1
flexibl, 22
fli, 2
flight, 8
flip-flop, 1
flir, 1
flood, 4
flop, 3
flow, 18
flow-bas, 3
fluid, 4
fluid-driven, 1
flycheck, 1
fmnist, 1
focal, 1
focus, 64
fog, 1
fold, 4
follow, 29
fon, 2
font, 7
font-specif, 1
foot, 2
footprint, 3
for, 48
forc, 9
forecast, 13
forego, 1
forehand, 1
foreign, 1
forens, 2
forest, 5
forget, 4
form, 38
formal, 18
format, 7
formul, 33
formula, 4
forth, 1
forti, 1
fortuin, 1
forward, 11
forward-sampl, 1
foster, 1
found, 21
foundat, 5
four, 18
four-way, 1
fourier, 2
fourier-laplac, 1
fourth, 1
fpan, 2
fpga, 8
fpga-bas, 2
fpgas, 2
fps, 3
fpt, 2
fraction, 7
fragil, 1
frame, 20
frame-bas, 1
framework, 158
fraud, 1
frd, 1
free, 4
free-form, 1
free-spac, 1
freedom, 3
freez, 3
freight, 1
french, 1
frequenc, 14
frequency-select, 1
frequency-time-lstm, 1
frequent, 4
fresh, 3
friction, 1
friend, 2
friendship, 1
from, 5
front, 1
front-end, 1
frontal/profil, 1
frontier, 4
frozen, 1
frustum, 2
fsfgic, 4
fso, 3
fulfil, 3
full, 19
full-siz, 1
fulli, 17
fully-connect, 1
function, 140
function-approxim, 1
function-spac, 1
fundament, 27
further, 18
furthermor, 32
fuse, 9
fused-head, 1
fusedotc, 1
fusion, 14
futur, 42
future-gener, 1
futureproof, 1
futurist, 1
fuzzi, 5
f|, 1
f|=2, 1
f|\ge, 1
g-tadoc, 4
ga, 1
ga-bas, 1
gain, 36
galerkin, 2
galvan, 1
game, 18
game-environ, 3
game-theoret, 4
gamma, 5
gammaca, 2
gammaton, 1
gamp, 1
gan, 13
gan-bas, 2
gap, 39
gap-fil, 2
gap-less, 1
garment, 3
gas, 3
gate, 1
gate-bas, 1
gather, 1
gaug, 2
gauge-invari, 1
gaussian, 22
gaze, 3
gbr, 1
gbr-wnn, 1
gcn, 1
gem, 3
gender, 7
gene, 1
general, 108
general-sum, 1
generalis, 1
generaliz, 9
generalization-enhanc, 4
generat, 189
generic, 3
gensf, 3
gentl, 1
genus, 1
geocod, 1
geodes, 2
geographi, 1
geometr, 6
geometri, 12
geospati, 1
geotag, 1
german, 5
get, 12
gfg, 3
ghost, 3
gia, 3
gif, 2
gigapixel-s, 1
gigaspeech, 2
gimp, 1
gist, 1
github, 4
github-python, 2
give, 23
given, 57
glanc, 1
glean, 1
glimps, 2
global, 54
globally-intellig, 1
globe, 1
glove, 2
glue, 1
glyph, 1
gmms, 1
gnn, 7
gnns, 21
go, 2
go-to, 1
goal, 28
goal-ori, 1
goe, 1
gold-label, 1
golden, 1
good, 23
good-for-gam, 1
gop, 1
govern, 6
gp, 2
gp-cbf-clf-socp, 1
gpr, 1
gps, 3
gpt, 1
gpt-3, 1
gpu, 13
gpu-bas, 1
gpus, 9
grab, 1
grace, 1
gradient, 51
gradient-bas, 3
gradient-desc, 1
gradient-sensit, 1
gradual, 2
graduat, 1
grammar, 1
grammat, 5
grant, 2
grant-fre, 1
granular, 3
graph, 123
graph-bas, 5
graph-laplacian, 1
graph-structur, 7
graphcl, 5
graphic, 6
graphotc, 4
grasp, 4
grassmannian, 1
great, 25
greater, 5
greedi, 2
greenhous, 2
greenspan-labudd, 1
gregori, 2
grid, 13
grid-mark, 2
ground, 18
ground-bas, 1
ground-truth, 1
group, 40
group-bas, 2
groupim, 2
grow, 16
grown, 1
growth, 12
growth-condit, 1
gru, 3
grunwald-letnikov, 1
gsr, 1
guarante, 32
guard, 1
guid, 13
guidanc, 8
guidelin, 3
gupta, 1
h, 1
h^1, 2
haar, 3
habf, 5
habit, 1
hadamard, 1
half, 1
hallucin, 2
halv, 1
hamiltonian, 4
hammer, 1
hamper, 3
hand, 26
hand-craft, 2
hand-drawn, 2
handcraft, 2
handl, 16
happen, 2
har, 1
hard, 18
harder, 3
hardwar, 14
hardware-awar, 1
harmon, 5
harsh, 1
harvard, 1
harvey, 2
hash, 5
hashexpressor, 1
hate, 1
have, 1
hazard, 1
hbm, 4
hbs, 3
hc-stvg, 1
hci, 1
hd, 2
hdl/verilog, 1
he-, 1
head, 8
headed, 1
health, 4
health-rel, 2
healthcar, 3
heart, 2
heat, 3
heavi, 3
heavili, 5
heavily-depend, 1
heavy-tailed, 1
held-out, 1
helix, 1
help, 39
hemlin, 1
henc, 16
henceforth, 1
herald, 3
here, 19
herebi, 1
herein, 1
heritag, 4
hermit, 2
heterodyn, 1
heterogen, 25
heurist, 9
hexagon, 1
hgcnns, 2
hidden, 5
hidden-spac, 1
hidden-unit, 1
hide, 1
hierarch, 11
hierarchi, 7
high, 96
high-capac, 1
high-dimension, 19
high-energi, 1
high-engag, 1
high-fidel, 1
high-frequ, 1
high-level, 6
high-ord, 8
high-perform, 5
high-precis, 1
high-qual, 6
high-radi, 1
high-reli, 1
high-resolut, 13
high-spe, 3
high-throughput, 1
high-util, 2
higher, 32
higher-level, 1
higher-ord, 9
higher-qu, 2
highest, 2
highlight, 16
highway, 1
hikima, 1
hilbert, 1
hilliard, 1
hinder, 2
hindi, 1
hindranc, 1
hindsight, 3
hing, 1
hint, 3
histogram, 2
histopatholog, 7
histopathology-specif, 1
histor, 13
histori, 8
hit, 4
hodg, 2
hodgkin-huxley, 1
hold, 10
holist, 3
home, 3
homogen, 8
homolog, 2
homomorph, 2
homotopi, 1
hone, 1
hop, 1
hope, 4
horizon, 1
horizont, 2
horn, 1
hornmorpho, 1
hospit, 1
host, 4
hostil, 1
hot, 3
hough, 1
hour, 9
hous, 5
house-hunt, 2
househunt, 1
houston, 1
how, 1
howev, 145
hpc, 2
hpcs, 1
hr, 3
hr-nas, 7
hrnet, 1
hsr, 2
ht, 1
ht-base, 1
htp-gan, 2
https, 28
hubert, 4
huge, 11
hull, 1
human, 78
human-annot, 1
human-comput, 2
human-inspir, 1
human-interpret, 1
human-level, 1
human-read, 3
human-robot, 3
human-to-model, 1
human-understand, 1
hundr, 5
hunt, 2
hurdl, 1
hurrican, 7
hurt, 1
hvac, 1
hybrid, 10
hydraul, 1
hygamp, 1
hyper, 4
hyper-block, 7
hyper-paramet, 3
hyperbol, 4
hypercub, 1
hyperedg, 1
hypergraph, 10
hyperlink, 1
hypernetwork, 1
hypernod, 1
hyperparamet, 7
hyperplan, 1
hyperspectr, 1
hypothes, 5
hypothesi, 13
hz, 1
i, 6
i-puls, 2
i-scor, 1
i/o, 7
i5-9400, 1
icalp, 1
icd, 10
icml2019, 2
icnn, 1
icosahedron, 1
ics/iot, 1
id, 1
ide, 1
idea, 23
ideal, 1
ident, 18
identif, 12
identifi, 54
ieee, 2
if, 4
if-then, 1
ignor, 10
ii, 10
iii, 1
ijcai-18, 1
ill-condit, 1
ill-pos, 1
illumin, 8
illumination-robust, 1
illus, 1
illustr, 14
im, 7
im/dd, 2
imag, 257
image-bas, 1
image-comput, 1
image-level, 4
imagenet, 12
imagenet-1k, 2
imagenet1k, 1
imagenet21k, 1
imageri, 4
imbal, 1
imbalanc, 1
imgag, 1
imit, 3
immedi, 1
immens, 1
immin, 1
impact, 23
impair, 4
imped, 1
imper, 2
imperfect, 2
imping, 1
implement, 68
impli, 4
implic, 3
implicit, 11
implict, 1
import, 61
impos, 5
imposs, 8
impract, 1
impress, 8
improp, 1
improv, 183
impuls, 2
imput, 2
imu, 1
in, 401
in-b, 1
in-between, 1
in-depth, 1
in-distribut, 1
in-stock, 1
in-vivo, 1
ina, 1
inaccess, 1
inaccur, 2
inaccuraci, 1
inadequ, 1
inadvert, 4
inappropri, 2
incap, 1
incbl, 6
includ, 66
includingcapsul, 1
incom, 2
incompat, 4
incomplet, 7
inconsist, 7
incorpor, 27
incorrect, 2
increas, 65
increment, 13
incur, 4
inde, 4
independ, 23
index, 4
india, 5
indic, 24
indirect, 6
indispens, 2
individu, 23
indivis, 1
induc, 6
induct, 6
industri, 19
industry-standard, 1
ineffect, 4
ineffici, 5
inequ, 2
inerti, 2
inevit, 6
inexact, 4
infant, 4
infeas, 3
infect, 2
infecti, 3
infer, 46
inference-tim, 1
inferior, 2
infidel, 2
infin, 2
infinit, 4
infinite-horizon, 2
infinitely-wid, 1
infinitesim, 1
influenc, 20
influenti, 1
infobehavior, 4
infodem, 1
inform, 196
information-bas, 1
information-geometr, 2
information-theoret, 4
infrar, 4
infrastructur, 14
infus, 1
ing, 1
ingredi, 2
inher, 11
inherit, 5
inhibitori, 2
initi, 24
initialis, 1
inject, 11
inlier, 1
inlin, 3
innat, 2
inner, 3
innov, 12
inpaint, 7
inpati, 2
input, 83
input-spac, 1
input/output, 1
inquantifi, 1
insecur, 1
insid, 4
insight, 19
insol, 2
inspect, 8
inspir, 23
instabl, 2
instal, 1
instanc, 36
instance-bas, 1
instant, 2
instanti, 4
instead, 29
institut, 1
instruct, 11
insuffici, 8
intact, 1
integ, 4
integr, 44
integrand, 1
intel, 1
intellectu, 2
intellig, 21
intelligence-en, 1
intend, 2
intens, 9
intensifi, 1
intent, 13
inter-ag, 1
inter-array, 1
inter-camera, 1
inter-class, 1
inter-devic, 1
inter-rat, 1
inter-sensor, 1
inter-studi, 1
inter-us, 1
interact, 55
interaction-bas, 1
interchang, 1
interconnect, 1
interdepend, 2
interdisciplinari, 1
interest, 40
interfac, 6
interfer, 6
intermedi, 6
intern, 5
internet, 7
interoper, 1
interplay, 3
interpol, 14
interpret, 23
intersect, 6
interv, 2
interven, 1
intervent, 2
interview, 5
interviewe, 2
interviewer/interviewe, 1
intra-class, 1
intra-fram, 1
intra-nod, 2
intra-set, 1
intract, 4
intric, 1
intrins, 7
introduc, 90
introduct, 3
intrus, 4
intuit, 5
invalid, 1
invalu, 1
invari, 16
invariance-bas, 1
inventori, 1
invers, 9
invert, 3
invest, 4
investig, 59
invit, 1
involut, 2
involv, 24
invrat, 1
iot, 4
iou, 4
ir, 2
iri, 1
irm, 1
irradi, 3
irrat, 2
irreduc, 1
irregular, 2
irrelev, 4
irrevoc, 1
is, 2
isadora, 4
isol, 6
isomap, 2
isometri, 1
isomorph, 3
isotrop, 1
issu, 41
it, 55
item, 11
iter, 33
iu-x-ray, 1
iu-xray, 1
iui, 2
iv, 1
iwslt, 1
izmailov, 1
j, 1
jaco2, 1
jacob, 2
jammer, 2
japan, 1
japanes, 4
java, 6
jenkin, 1
jicg, 2
jitter, 2
joao, 3
job, 6
joint, 27
joint-search, 1
json, 1
judg, 1
judgement, 1
juge, 3
junit, 2
just-enough, 1
justif, 3
justifi, 3
k, 33
k+2, 1
k+2\sqrt, 1
k-anonym, 7
k-fold, 1
k-mean, 1
k-pseudonym, 1
k-way, 1
kahlo, 1
kaldi, 1
kalman, 2
kb, 1
kc+\sum_, 1
kcf, 1
kdd-cup, 1
keep, 11
kemeni, 1
kendal, 1
kernel, 9
key, 50
key-fram, 2
keyaki, 1
keyboard, 1
keypoint, 3
keyword, 2
kg, 6
kgs, 1
kill, 1
kilomet, 1
kind, 10
kinetics-sound, 1
kinova, 1
kitti, 1
kl, 1
km, 1
knapsack, 2
know, 5
knowledg, 93
knowledge-bas, 1
knowledge-ori, 1
known, 23
knudsen, 1
kodak, 1
kohlrausch-williams-watt, 1
koio, 1
kpa, 4
kt, 1
kuramoto-sivashinski, 1
kushilevitz-mansour, 1
l, 6
l1, 1
l2, 1
l_, 1
l_0, 1
l_2, 1
la, 2
lab, 1
label, 87
label-bas, 1
label-fre, 3
label-wis, 6
labor-intens, 2
laboratori, 1
labori, 2
lack, 21
lag-fre, 1
lagrang, 1
lambda, 1
lambertian, 1
land, 2
landau-lifshitz-gilbert, 4
landcov, 1
landmark, 1
landscap, 2
lane, 3
languag, 84
language-agnost, 2
language-imag, 1
laplacian, 4
laplacian-lik, 1
larg, 89
large-network, 1
large-scal, 28
larger, 9
largest, 2
las, 1
laser, 1
last, 12
last-come-first-serv, 1
last-level, 1
last-mil, 1
latch, 1
late, 4
late-arriv, 1
latenc, 11
latent, 28
later, 4
latest, 5
latter, 6
lattic, 1
lavrentiev, 1
law, 4
lawmak, 1
layer, 65
layer-by-lay, 2
layer-wis, 1
layernorm-dropout, 1
layout, 8
lcfs, 1
ldp, 4
le-na, 1
lead, 51
leak, 1
leakag, 2
learn, 470
learn-, 1
learnabl, 5
learner, 7
learngen, 2
learning-aid, 1
learning-bas, 8
learning~, 1
learnt, 2
leas, 1
least, 7
least-cost, 1
least-squar, 2
leav, 1
leave-one-subject-out, 1
led, 9
left, 2
leg, 5
legal, 1
legitim, 3
lemma, 1
len, 5
lenet, 2
lenet-3d, 1
length, 10
length-process, 1
lens, 3
ler, 2
lesion, 5
less, 24
let, 1
level, 41
leverag, 48
lexic, 4
lexicon, 1
leximin, 2
lfc, 5
librari, 4
libri-light, 1
librispeech, 2
lidar, 6
lidar-bas, 2
lie, 5
life, 2
lifelong, 4
lift, 1
liga, 6
light, 11
light-weight, 2
lighter, 2
lightpath, 3
lightweight, 9
like, 29
likeabl, 1
likelihood, 7
lilypond, 1
limb, 1
limit, 79
limited-memori, 1
line, 12
line-of-sight, 1
linear, 55
linear-chain, 1
linear-tim, 1
linform, 1
linguist, 14
link, 39
linkedin, 1
lipschitz, 1
list, 1
list-bas, 1
listen, 2
liter, 3
literatur, 30
littl, 12
live, 5
ll, 2
lm, 4
lms, 7
load, 10
load-memori, 1
local, 78
local-geometry-awar, 1
localis, 2
locat, 13
lock, 1
lock-down, 1
lockdown, 1
locomot, 1
locus, 2
lod, 2
log, 5
log-likelihood, 1
log-norm, 1
log-spac, 1
logarithm, 4
logic, 12
logic-bas, 1
logist, 3
logsumexp, 1
loihi, 1
long, 18
long-ang, 1
long-rang, 4
long-run, 1
long-short, 2
long-stand, 2
long-term, 9
long-text-specif, 1
long-wav, 1
longer, 4
longitudin, 2
longstand, 1
look, 3
loop, 13
loop-closur, 1
lorentz, 1
lose, 2
loss, 54
loss-calibr, 1
lossless, 1
lost, 2
lot, 4
lotka-volterra, 1
lotteri, 4
louis, 2
low, 34
low-complex, 3
low-contrast, 1
low-cost, 2
low-dimension, 1
low-frequ, 2
low-lat, 3
low-level, 6
low-light, 4
low-ord, 1
low-pow, 3
low-qual, 1
low-rank, 4
low-resolut, 5
low-resourc, 9
low-spe, 1
low-textur, 1
lower, 20
lower-bound, 1
lower-dimension, 1
lowest, 2
lpt, 1
lr, 1
lrp, 2
lse, 1
lstm, 11
lsun-church, 1
lsvi, 1
lua, 2
lung, 4
lut, 1
lvio-fus, 1
ly, 1
lyapunov, 5
macaulay2, 1
machin, 97
machine-learn, 2
macroscop, 2
maddah-ali, 2
made, 22
mae, 1
mafnet, 1
magic, 1
magnet, 13
magnitud, 15
magnitude-bas, 1
main, 33
mainstream, 1
maintain, 22
mainten, 3
major, 24
make, 91
makespan, 1
malib, 3
malici, 2
malign, 3
maml, 2
mammogram, 1
mammographi, 1
manag, 15
mandarin, 2
manet, 2
maneuv, 1
mani, 79
manifest, 1
manifold, 12
manipul, 20
manner, 22
mannshardt, 1
manual, 16
manufactur, 4
manuscript, 3
many-bodi, 1
map, 54
map-mak, 1
margin, 16
marin, 2
mark, 4
market, 9
markov, 19
markovian, 2
marl, 1
mask, 5
masked-out, 1
mass, 3
mass-transf, 1
massiv, 14
match, 30
match-act, 1
materi, 3
math, 1
math-specif, 1
mathbert, 8
mathemat, 24
matric, 4
matrix, 18
matrl, 5
matroid, 1
matterport3d, 1
matthew, 2
matur, 7
max-sensit, 1
maxim, 23
maximal-ratio, 1
maximin, 1
maximis, 1
maximum, 10
maximum-likelihood, 1
maxpool, 1
may, 41
mbart, 1
mbrl, 1
mbt-net, 1
mc-mot, 4
mcda, 3
mcda-mss, 5
mcp, 1
mcs, 1
mcss, 1
mdp, 5
mdps, 6
mds, 4
mdts, 3
mean, 30
mean-field, 1
mean-squar, 1
meaning, 11
meanwhil, 6
measur, 42
mechan, 63
mechanism-i, 1
mechanist, 1
media, 24
medic, 31
medit, 2
medium, 2
medium-scal, 2
medn, 2
meet, 8
meijer-g, 1
mel, 1
member, 1
membership, 4
memor, 2
memori, 42
memory-effici, 1
memory-enhanc, 1
memory-intens, 1
memphi, 1
mention, 12
mention-encod, 1
merc, 1
mere, 1
merg, 4
merit, 2
mesh, 1
mesh-fre, 1
meshless, 2
messag, 12
message-pass, 2
message-schedul, 1
met, 2
meta, 1
meta-algorithm, 2
meta-analyt, 1
meta-featur, 1
meta-gam, 1
meta-ghn, 3
meta-interpret, 1
meta-knowledg, 2
meta-learn, 12
meta-object, 1
meta-rl, 3
metadata, 9
metaheurist, 1
metal, 1
metarul, 16
method, 419
methodolog, 30
meticul, 1
metric, 41
metric-bas, 1
metropolitan, 2
mhz, 1
michel, 1
mickey, 2
micro, 1
micro-architectur, 1
micro-express, 1
micro-task, 1
microarchitectur, 1
microblog, 1
microphon, 1
microservic, 12
microwav, 1
mid-1990, 1
middl, 2
might, 8
mil, 6
mild, 1
mile, 1
mileston, 2
millimeter-wav, 1
million, 15
milp, 1
mimic, 3
mimic-cxr, 2
mimic-iii, 1
mimo, 2
min, 1
min-max, 1
min-norm, 2
mind, 1
mind-wand, 1
mine, 16
minim, 36
minimis, 1
minimum, 7
minor, 1
minut, 6
mirror, 6
mirror3d, 1
mirror3dnet, 2
mis, 3
mis-classifi, 1
misalign, 3
misclassifi, 1
misdiagnosi, 1
misidentif, 1
misinform, 11
mislead, 2
mismatch, 2
misplac, 1
miss, 16
missil, 2
mistak, 1
mitig, 17
mix, 22
mix/connect, 1
mixed-integ, 2
mixed-precis, 4
mixtur, 10
mixup, 1
mkd, 2
mkt, 1
ml, 23
ml-base, 1
ml-lms, 4
mle, 2
mlm, 1
mlp, 8
mlp-mixer, 5
mlperf, 3
mm, 1
mmd, 3
mmi, 1
mms, 5
mmse, 1
mmwave, 2
mn, 1
mn^, 1
mnist, 6
mno, 2
mnos, 1
mobil, 14
mobilenet, 2
mobilenet-v2, 1
modal, 12
mode, 13
mode-seek, 2
model, 715
model-agnost, 1
model-bas, 5
model-fre, 3
model-glob, 1
model-to-model, 2
models/architectur, 1
moder, 1
modern, 19
modest, 1
modif, 12
modifi, 15
modul, 47
modular, 3
moldabl, 2
molecul, 7
molecular, 8
moment, 2
momentum, 7
money, 1
monge-kantorovich, 2
monitor, 13
monoid, 2
monolingu, 4
monolith, 3
monoton, 4
mont, 1
monte-carlo, 3
month, 1
mooc, 1
mopark, 1
morbid, 1
more, 10
moreov, 30
morley, 1
morph, 1
morphism, 1
morpho-syntact, 1
morpholog, 2
mortal, 1
mos, 1
mosaic, 6
mosaick, 3
most, 15
most-gener, 1
mot, 1
motion, 13
motion-artifacts-fre, 1
motiv, 17
motor, 3
mouth, 1
move, 8
movement, 8
movielen, 1
movielens-rand, 2
mpas-ocean, 2
mpfc, 2
mpi, 1
mrc, 1
mri, 10
ms-coco, 1
msd, 1
msgamp, 2
msgamp-typ, 1
mt, 8
mtc, 5
much, 19
mujoco, 2
mujuco, 1
multi-ag, 13
multi-arm, 1
multi-aspect, 2
multi-axi, 1
multi-branch, 3
multi-camera, 1
multi-channel, 2
multi-classif, 2
multi-contact, 1
multi-context, 1
multi-dimension, 2
multi-docu, 2
multi-domain, 2
multi-fram, 4
multi-freedom, 1
multi-gar, 1
multi-gigawatt, 1
multi-gpu, 2
multi-head, 3
multi-implicit, 3
multi-label, 3
multi-lay, 1
multi-level, 1
multi-limb, 1
multi-mod, 1
multi-model, 1
multi-object, 8
multi-path, 1
multi-phys, 2
multi-regress, 1
multi-rel, 3
multi-resolut, 2
multi-resourc, 2
multi-robot, 1
multi-scal, 3
multi-sensor, 1
multi-sourc, 1
multi-step, 2
multi-task, 7
multi-ten, 1
multi-us, 2
multi-vari, 1
multi-view, 1
multi-way, 1
multi-wel, 1
multicast, 5
multichannel, 1
multiclass, 4
multidisciplinari, 1
multilevel, 1
multilingu, 7
multimedia, 1
multimod, 8
multiobject, 2
multipl, 72
multiplay, 1
multiple-gar, 1
multiple-input, 1
multiple-output, 1
multiple-sourc, 1
multipli, 6
multipoint, 1
multiresolut, 2
multiscal, 3
multisourc, 3
multispectr, 2
multitask, 1
multitrack, 1
multitud, 1
multityp, 1
multivari, 1
multiview, 3
music, 2
must, 10
mustc, 1
mutat, 1
mutual, 11
mutual-inform, 1
mv, 2
mvke, 3
mvm, 1
mvms, 3
mw, 2
mwem, 2
my, 1
myopic, 2
n, 18
n-best, 3
n-d, 3
n-dimension, 2
n-gauss, 4
n-gram, 4
n/\log, 2
n^, 2
n^k, 1
naiv, 3
name, 38
nanoscal, 2
nari\~no, 1
narrow, 4
nas, 10
nasa, 2
nash, 2
nation, 1
nativ, 4
natur, 60
natural-languag, 4
naturalist, 1
nature-inspir, 1
navier-stok, 2
navig, 3
navigation/surveil, 1
nawrotzki, 2
nbfnet, 4
ncbi, 1
ndrt, 2
near, 6
near-crit, 1
near-human, 1
near-infrar, 3
near-match, 1
near-optim, 3
near-tip, 1
nearbi, 1
nearest, 4
nearest-neighbor, 1
nearly-ident, 1
necess, 3
necessari, 18
necessarili, 3
necessit, 2
need, 40
negat, 18
neglect, 8
neglig, 2
neighbor, 9
neighborhood, 3
neighborhood-l, 2
neighbourhood, 1
nemo, 5
nerual, 1
nest, 16
nesterov, 2
net, 4
neteas, 1
netherland, 1
netlist, 1
netsim, 1
network, 354
network-acceler, 1
network-bas, 2
networks~, 1
neural, 174
neural-network, 2
neuro-imag, 1
neuro-symbol, 2
neurocognit, 1
neuroevolut, 1
neuroevolution-enhanc, 1
neurofeedback, 1
neuromorph, 7
neuron, 1
neurophysiolog, 1
neurosci, 1
neutral, 1
never, 1
nevertheless, 3
new, 125
new/unseen, 1
newborn, 4
newey-west, 1
newli, 3
news, 15
newspap, 1
newton, 2
next, 12
next-gener, 1
nfhs, 2
nic, 1
nice, 2
niesen, 2
night, 1
nine, 1
nir, 4
nlhd, 1
nlp, 31
nm, 1
nmf, 1
nn, 1
no-coverag, 1
node, 55
node-level, 1
noe, 1
nogo-theorem, 1
nois, 47
noise-floor, 3
noise-fre, 1
noise-induc, 1
noise/vari, 1
noise2nois, 2
noise2scor, 3
noise2void, 1
noisi, 10
noisy-label, 3
non-adapt, 1
non-arithmet, 3
non-asymptot, 1
non-autonom, 5
non-caus, 2
non-contrast, 1
non-convex, 6
non-deep, 2
non-domin, 1
non-driving-rel, 1
non-encrypt, 1
non-expans, 1
non-failur, 1
non-iid, 6
non-independ, 2
non-integ, 2
non-intrus, 1
non-linear, 9
non-loc, 6
non-meaning, 1
non-model, 1
non-nat, 1
non-neg, 2
non-overlap, 1
non-parametr, 4
non-profit, 3
non-rel, 1
non-robust, 2
non-smal, 1
non-standard, 5
non-stream, 1
non-symmetri, 1
non-transfer, 1
non-transformer-bas, 1
non-uniform, 3
non-volatil, 1
non-wir, 2
nonadapt, 1
noncan, 1
nonconform, 2
nondeterminist, 3
nonetheless, 2
nonexpert, 1
nonlinear, 19
nonloc, 3
nonneg, 1
nonparametr, 2
nonsimpl, 1
norm, 7
normal, 30
normalizing-flow-bas, 1
norwegian, 1
nose2void, 1
not, 1
notabl, 7
note, 6
notic, 1
notion, 11
notori, 1
novel, 114
novelti, 3
nowaday, 2
np-complet, 1
np-hard, 2
npm, 5
ns, 1
nsclc, 2
nt-xent, 1
ntc, 8
ntk, 4
ntl, 1
ntl-base, 2
nuanc, 2
nuclear, 1
nucleotid, 1
nuisanc, 2
null, 1
number, 112
numer, 67
nuscen, 1
nvidia, 1
nvlink, 1
nynorsk, 1
nyuv2, 1
o, 29
oad, 3
obey, 1
obfusc, 1
object, 110
object-guid, 2
object-ori, 1
objective/gradi, 1
oblivi, 2
observ, 62
obstacl, 5
obtain, 81
obvious, 1
occlus, 2
occup, 5
occupi, 3
occur, 8
occurr, 5
ocean, 2
ocr, 7
ocular, 4
odd, 1
odd-dimension, 1
ode, 6
ode-rnn, 1
oding, 1
odomet, 1
off-cent, 2
off-grid, 3
off-polici, 1
off-the-shelf, 3
offer, 25
offici, 1
offlin, 11
offload, 2
ofloc, 1
often, 43
often-cumbersom, 1
ogbn-protein, 1
oil, 1
oil/ga, 2
oil/gas/wat, 1
olympiad, 1
omnidirect, 1
on, 16
on-board, 1
on-cent, 2
on-devic, 1
on-grid, 1
on-polici, 2
on-premis, 1
on-road, 1
on-the-fli, 1
onc, 2
one, 115
one-day, 1
one-dimension, 2
one-level, 1
one-shot, 4
one-step, 2
one-tim, 1
one-way, 1
onemax, 2
onli, 1
onlin, 40
onto, 4
ontolog, 2
ooc, 4
ood, 6
op-net, 1
opaqu, 1
opd, 4
open, 16
open-domain, 6
open-end, 2
open-loop, 1
open-sourc, 7
open-world, 2
openimag, 1
openkbp, 1
openspiel, 1
oper, 76
operand, 1
operation, 1
operation-wis, 1
opinion, 5
oppon, 1
opportun, 4
oppos, 2
optic, 13
optim, 170
optima, 4
optimis, 2
optimist, 4
optimization-bas, 1
optimum, 1
option, 7
or, 1
oracl, 5
orchestr, 2
order, 66
order-agnost, 3
order-wis, 1
ordin, 1
ordinarili, 1
organ, 12
organiz, 1
orient, 5
origin, 40
orthogon, 1
orthograph, 1
oscil, 2
ot, 4
other, 9
other-play, 4
otherwis, 3
ought, 1
our, 127
out, 1
out-of-distribut, 8
out-of-the-box, 1
outag, 1
outbreak, 8
outcom, 7
outdat, 1
outfit, 3
outlier, 2
outlin, 1
outperform, 58
output, 34
outsid, 1
outsourc, 1
outstand, 2
outweigh, 1
over, 6
over-fit, 1
over-ft, 1
over-parameter, 2
over-parametr, 1
over-provis, 2
over-regular, 1
over-simplist, 1
over-torqu, 1
overal, 19
overbook, 1
overcom, 12
overfit, 13
overgener, 1
overhead, 7
overlap, 11
overlay, 1
overload, 2
overlook, 3
overparameter, 1
overview, 3
overweight, 1
overwhelm, 2
ovnet, 2
owe, 3
owner, 1
ownership, 2
oximet, 1
oxygen, 1
p, 9
p_, 1
p_1, 1
p_j, 1
pac, 1
pace, 1
pack, 1
packag, 11
packet, 5
pad, 2
paid, 2
paint, 5
paint-to-imag, 1
pair, 22
paired-nod, 1
pairwis, 8
pakistan, 3
palm, 1
pandem, 6
paper, 223
par, 3
paradigm, 31
paragraph-s, 1
parallel, 22
paramet, 74
parameter, 6
parameter-fre, 1
parametr, 6
parametric-fre, 1
paraphras, 1
parenthood, 1
pareto, 7
pareto-optim, 2
pari, 1
pariti, 1
park, 17
pars, 8
parser, 1
part, 22
part-bas, 1
part-of-speech, 1
parti, 3
partial, 16
partial-differenti, 1
particip, 13
particl, 8
particular, 62
partit, 17
pass, 8
passag, 2
passeng, 2
past, 17
patch, 16
patch-level, 2
patent, 5
path, 15
path-bas, 3
path-sensit, 1
patholog, 3
pathway, 8
patienc, 4
patient, 9
pattern, 32
pave, 3
pay, 4
payoff, 2
pb-marl, 4
pcie, 1
pdan, 1
pde, 14
pde-constrain, 1
pdes, 7
pdf, 3
peak, 5
peanut, 1
pearl, 1
peer, 5
penalti, 5
penn, 2
peopl, 14
pep, 3
per, 14
per-coordin, 1
per-pixel, 1
per-sampl, 1
per-us, 1
perceiv, 1
percent, 1
percentag, 3
percept, 19
perception-act, 1
perceptron, 1
perceptu, 6
percuss, 1
perfect, 6
perform, 295
performance-improv, 1
perhap, 2
period, 1
periperson, 1
peripher, 1
perl, 1
permeat, 1
permit, 2
permut, 2
permutation-invari, 1
permutohedr, 1
persist, 2
person, 21
persona, 2
perspect, 20
pertain, 1
perturb, 8
perturbation-bas, 1
pervas, 2
pessim, 6
pessimist, 1
pfl, 2
pg, 4
pg-gan, 1
pgt, 1
phase, 21
phase-sensit, 1
phenomena, 4
phenomenon, 6
phenotyp, 1
phish, 1
phone, 1
phonolog, 1
photo, 2
photo-realist, 1
photographi, 1
photometr, 3
photoplethysmographi, 1
photovolta, 1
phrase, 3
phs-rbf, 2
phy/mac, 1
phys, 1
physic, 24
physics-inform, 1
physiolog, 2
pi, 8
piaa, 1
pic, 1
picasso, 1
pick, 3
picroscop, 1
pictur, 6
pid, 1
piec, 2
piecewis, 10
piecewise-const, 1
pierc, 2
pika, 1
pilot, 5
pin-point, 1
pinhol, 1
pinn, 6
pipelin, 19
pitch, 1
pitchfork, 2
pivot, 2
pixel, 17
pixel-level, 4
pixel-wis, 2
pklot, 1
place, 7
placement, 2
places2, 1
plain, 4
plaintext, 1
plan, 31
plane, 10
planner, 2
plans/workflow, 1
plant, 9
plantat, 1
plat-form, 1
plate, 1
platform, 31
platon, 2
plausibl, 5
play, 16
player, 3
pleas, 1
pli, 1
plis, 2
plms, 2
plot, 3
plug-in, 1
plug-in-play, 1
plus, 4
pmw^pub, 1
pod, 2
podcast, 4
poetic, 1
poetri, 1
pof, 2
poincar\, 1
point, 58
point-to-point, 1
point-wis, 2
pointnet-bas, 1
pointpillar, 1
pointwis, 3
poison, 1
poisson, 10
poke, 2
polar, 3
poli, 6
polici, 58
policymak, 1
polit, 5
poll, 2
polygon, 5
polyharmon, 1
polym, 1
polynomi, 15
polynomial-tim, 1
polyphon, 1
polysem, 1
pool, 5
poor, 9
popul, 17
popular, 44
population-bas, 1
portfolio, 3
portion, 1
pos, 3
pose, 25
posit, 37
possess, 2
possibl, 37
post, 12
post-attack, 1
post-correct, 3
post-defens, 1
post-hoc, 2
post-infer, 1
post-process, 4
post-processor, 1
posterior, 23
posterior-and-prior, 1
posteriori, 1
posthoc, 4
potenti, 31
potentially-riski, 1
power, 34
ppa, 2
ppas, 1
ppked, 2
ppml, 6
practic, 57
practition, 6
pre-annot, 2
pre-attack, 1
pre-defin, 5
pre-exist, 1
pre-filt, 1
pre-flight, 1
pre-k, 1
pre-process, 1
pre-specifi, 2
pre-train, 51
preced, 6
precis, 24
preclud, 3
precondit, 9
predefin, 2
predetermin, 1
predict, 169
prediction-error, 1
prediction-loc, 1
predictor, 7
predictor-corrector, 3
predomin, 1
prefer, 20
preferenti, 1
pregroup, 1
preimag, 1
preliminari, 4
preorder, 1
prepar, 2
preprocess, 2
prescrib, 2
prescript, 1
presenc, 12
present, 139
preserv, 33
pressur, 6
presumpt, 1
pretext, 7
pretrain, 4
pretti, 1
prevail, 2
preval, 5
prevent, 20
previous, 60
price, 2
primari, 5
primarili, 6
prime, 1
primit, 4
princip, 2
principl, 7
principle-bas, 1
prior, 61
priori, 4
priorit, 2
prioriti, 2
prison, 1
privaci, 23
privacy-awar, 1
privacy-preserv, 2
privacypreserv, 1
privat, 13
prke, 2
prnu, 6
pro-vid, 1
probabilist, 10
probabl, 34
probe, 5
problem, 248
problemat, 3
procedur, 20
process, 143
process-bas, 3
processor, 3
procur, 1
produc, 35
product, 20
production-bas, 1
profan, 2
profession, 2
profil, 11
profilomet, 1
profit, 3
prognos, 1
prognosi, 4
prognost, 2
program, 29
programm, 3
progress, 24
prohibit, 5
project, 39
prolifer, 2
prolog, 3
promin, 4
promis, 40
promot, 6
prompt, 3
prone, 2
proof, 6
proof-of-concept, 2
proof-of-principl, 1
propag, 8
propaganda, 8
proper, 14
properti, 53
prophet, 1
proport, 3
propos, 428
prospect, 4
protect, 10
protein-ligand, 1
proteom, 1
protest, 1
protocol, 6
prototyp, 5
provabl, 6
prove, 33
proven, 9
provid, 176
provideedg, 1
provis, 3
proxi, 4
proxim, 3
prudent, 1
prunabl, 1
prune, 9
psd, 2
pseudo, 7
pseudonym, 3
psnr, 1
psycholog, 2
psychometr, 4
psychophys, 1
ptms, 7
ptychograph, 4
ptychographi, 1
ptyger, 2
publaynet, 1
public, 42
publish, 2
publish/subscrib, 1
pubm, 2
puerto, 1
puf, 3
puf-bas, 1
puls, 4
pulse-g, 1
punch, 2
punctuat, 3
pure, 6
purpos, 13
pursu, 1
pursuit, 1
push, 2
put, 6
puzzl, 1
pv, 9
pw, 1
pynq, 1
pyramid, 7
python, 4
pytorch, 1
q, 1
q-function, 2
q-network, 1
qa, 2
qnn, 1
qor, 2
qos, 8
qtdl, 2
quadrat, 12
quadratur, 4
quadrup, 1
qualit, 10
qualiti, 34
quality-of-result, 1
quantifi, 13
quantit, 17
quantiti, 8
quantiz, 2
quantize, 5
quantum, 6
quantum-class, 1
quanvolut, 1
quasar-convex, 1
quasilinear, 1
qubo, 2
queri, 30
query-driven, 1
query-key-valu, 1
query-rel, 1
querysat, 1
question, 17
question-answ, 1
queue, 4
quick, 3
quit, 6
quotient, 1
r, 3
r-cnn, 1
r-learn, 1
r-network, 1
r/wallstreetbet, 1
r^, 1
r^w, 1
race, 2
radar, 8
radial, 2
radiat, 3
radiation-hard, 2
radii, 1
radio, 2
radiolog, 4
radiologist, 4
radiom, 1
radiometr, 3
radiotherapi, 1
radius, 2
radrp, 1
rail, 1
rainforest, 1
rais, 7
raisin, 1
ram, 1
random, 35
random-access, 1
random-bas, 1
random-walk, 1
rang, 31
rank, 10
rapid, 11
raptor, 3
rare, 7
rarer, 1
rasp, 5
raspberri, 2
raster, 2
rate, 56
rather, 13
ratio, 16
ration, 4
rational, 1
raw, 18
rb, 3
rbp, 1
rceed, 2
rcurrenc, 3
re, 1
re-abstract, 1
re-alloc, 1
re-comput, 1
re-enh, 1
re-forest, 1
re-fram, 1
re-id, 3
re-identif, 2
re-process, 1
re-rank, 5
re-siz, 1
re-train, 1
re-upd, 1
reach, 6
reachabl, 3
react, 2
reaction, 5
reactiv, 2
read, 6
readabl, 1
reader, 3
real, 34
real-lif, 4
real-tim, 20
real-world, 34
realism, 2
realist, 18
realiti, 3
realiz, 10
realize, 1
realm, 2
reason, 42
reassembl, 1
reborn, 6
recal, 1
recalcul, 1
recast, 1
receiv, 23
recent, 108
recently-develop, 1
recently-introduc, 1
recept, 7
receptor, 1
recip, 1
recogn, 6
recognis, 2
recognit, 32
recommend, 36
reconcili, 1
reconfigur, 1
reconstruct, 27
reconstruction-bas, 1
record, 15
recov, 14
recover, 1
recoveri, 3
recreat, 1
recruit, 1
rectangl, 3
rectangular, 2
rectif, 1
rectifi, 2
recur, 1
recurr, 15
recurs, 2
red, 1
red-black, 2
reddit, 3
redesign, 1
redirect, 6
reduc, 47
reduct, 18
redund, 6
refer, 18
refin, 13
refine-tun, 1
reflect, 13
reflectionand, 1
reform, 1
reformul, 2
regard, 8
regardless, 6
regccrf, 3
regim, 3
region, 55
regist, 4
registr, 7
regnet, 1
regress, 21
regression-bas, 1
regret, 11
regul, 3
regular, 20
regular-constrain, 1
regularis, 3
regulatori, 1
reid, 1
reinforc, 38
reject, 2
relat, 68
relate, 1
related-group-equivari, 1
relationship, 25
relax, 11
relay, 1
relearn, 2
releas, 15
relev, 33
reli, 26
reliabl, 25
relief, 1
reliev, 3
relu, 8
relus, 1
remain, 23
remanufactur, 1
remark, 5
remedi, 2
remind, 1
reminisc, 1
remot, 10
remould, 1
remov, 9
render, 6
renew, 1
renov, 1
renown, 1
repair, 6
reparameter, 1
reparametr, 2
repeat, 4
repetit, 2
replac, 12
replay/memori, 1
replic, 4
replica, 1
report, 21
repositori, 3
repres, 44
represent, 143
reproduc, 8
reproduct, 2
reprov, 1
repurpos, 1
repurpose/adjust, 1
request, 12
requir, 98
rerank, 5
rescu, 2
research, 100
resembl, 2
reservoir, 1
reset, 1
reshap, 1
reshar, 1
resid, 1
residu, 8
resili, 2
resist, 3
resnet, 1
resnet-20, 3
resnet-50, 1
resnet18, 1
resnet50, 2
resnext-101-32x8d, 1
resolut, 16
resolution-invari, 1
resolv, 5
reson, 6
resort, 2
resourc, 39
resource-constrain, 5
resource-hungri, 1
respect, 48
respir, 1
respond, 3
respons, 40
rest, 4
restor, 8
restrict, 19
result, 270
resum, 1
retain, 6
retent, 1
rethink, 3
retinex, 2
retouch, 4
retrain, 2
retriev, 13
return, 9
retweet, 9
reus, 8
reusabl, 2
reveal, 18
revenu, 9
reverber, 1
revers, 9
reverse-engin, 1
revgnn-deep, 2
revgnn-wid, 1
review, 27
revis, 1
revisit, 3
revolut, 1
revolution, 1
reward, 15
reward-fre, 1
rewind, 1
rewound, 1
rewrit, 3
rf, 2
rf-fso, 1
rfa, 1
rgb, 9
rgb-to-therm, 1
rgbd, 1
rich, 8
rico, 1
ridg, 1
riemann-liouvill, 1
riemannian, 2
right, 7
rigid, 1
rigor, 1
rigour, 1
risc-v, 3
rise, 4
riser, 1
risk, 22
risk-avers, 1
risk-awar, 2
risk-sensit, 1
rival, 1
rl, 21
rllib, 1
rmse, 1
rmsprop, 1
rna, 3
rnn, 6
rnn-base, 4
rnns, 1
rns-ckks, 2
road, 3
road/highway, 1
roadmap, 1
roberta, 1
robot, 43
robust, 83
robustness-enhanc, 1
robut, 1
roc, 1
roc-auc, 1
rock, 1
roi, 3
role, 23
roll, 1
room, 2
root, 7
rotat, 8
rough, 4
round, 11
rout, 6
routin, 1
row, 3
rowhamm, 4
rrn, 2
rrule, 3
rs, 4
rsg+, 1
rsmas, 4
rss, 1
rtd, 1
rtps, 1
rubygem, 3
rul, 4
rule, 31
run, 22
rung, 1
runge-kutta, 1
runtim, 9
russian, 1
rv32, 1
s, 12
s-box, 1
sa-eend, 1
sac, 1
saccad, 1
sacrif, 6
sacrific, 1
saddl, 2
saddle-nod, 2
saddle-point, 1
safe, 5
safeti, 18
safety-crit, 8
said, 1
salienc, 4
saliency-bas, 1
salient, 2
salti, 1
sam, 3
sampl, 78
sample-bas, 1
sample-effici, 1
sampler, 2
sanit, 2
saniti, 1
sars-cov-2, 1
sas, 3
sasicm, 1
sasicmbert, 2
sasicmg, 3
sat, 3
satellit, 4
satisfact, 1
satisfactori, 2
satisfi, 8
satur, 3
save, 4
sbs, 1
sc, 2
scalabl, 19
scalar, 5
scale, 36
scale-measur, 1
scalegrad, 2
scamp-5, 1
scan, 7
scanner, 1
scannet, 1
scarc, 2
scatter, 3
scenario, 46
scene, 16
schedul, 21
schema, 4
schema-guid, 1
scheme, 65
scholar, 5
school, 3
schr\, 1
schulman, 1
sci, 1
scienc, 20
scientif, 9
scientist, 1
scissor, 1
scm, 2
scms, 1
scope, 3
score, 25
score-bas, 1
scratch, 4
screen, 6
screenshot, 2
screw, 2
script, 1
sd-bs, 2
sdn, 2
sdn-enabl, 1
seam, 4
seamless, 2
search, 60
search-bas, 2
search/design, 1
searchabl, 1
seat, 1
second, 26
second-ord, 10
secondari, 2
secreci, 6
secret, 4
secretari, 1
sector, 8
secur, 31
see, 3
seed, 2
seek, 7
seem, 5
seen, 9
seer, 4
segment, 50
segment-bas, 1
segment-wis, 1
segreg, 2
seldin, 2
seldom, 1
select, 44
self-assembl, 1
self-attent, 17
self-aug, 1
self-channel, 1
self-collect, 1
self-consist, 1
self-correl, 1
self-expans, 1
self-gener, 2
self-guid, 1
self-modul, 1
self-play, 1
self-report, 1
self-sam, 1
self-supervis, 15
self-sustain, 1
self-train, 2
sell, 3
seller, 3
semant, 33
semi-artifici, 1
semi-automat, 1
semi-bandit, 2
semi-implicit, 2
semi-supervis, 10
semi-synthet, 1
semi-verifi, 1
semigroup, 1
semin, 1
send, 8
sens, 18
sensit, 12
sensor, 33
sensor-bas, 1
sensori, 2
sensorimotor, 1
sensory-motor, 1
sent, 3
sentenc, 36
sentence-level, 4
sentence-rel, 1
sentiment, 18
sentiment-specif, 1
sents/sec, 1
separ, 23
seq2seq, 1
sequenc, 41
sequence-rel, 1
sequence-support, 1
sequence-to-sequ, 2
sequenti, 15
seri, 25
serial, 1
series-parallel, 1
serious, 3
serv, 14
server, 21
servic, 20
service-level, 1
servo, 1
session, 2
set, 196
set-up, 1
set12, 1
settl, 1
setup, 8
seven, 4
seventh-ord, 1
sever, 73
sexual, 1
sgd, 4
sha-1, 1
shade, 2
shall, 2
shallow, 1
shamir, 1
shannon, 1
shape, 11
shard, 1
share, 32
shared/priv, 1
sharp, 3
sharpen, 2
shed, 2
shift, 18
shock, 2
shock-driven, 1
short, 6
short-dur, 1
short-term, 1
short-text, 5
shortag, 1
shortcom, 4
shortcut, 2
shortest, 1
shot, 1
show, 252
showcas, 3
shown, 36
shuffl, 6
shutdown, 1
si-snr, 1
siam, 1
side, 3
sigmoid, 1
sign, 4
sign-symbol, 1
signal, 29
signal-to-interference-plus-nois, 1
signal-to-nois, 4
signatur, 3
signific, 94
silico, 1
silver, 5
silvia, 1
simclr, 2
simd, 4
similar, 39
similarity-bas, 1
simpl, 46
simpler, 6
simplex, 2
simplex-gp, 2
simpli, 5
simplic, 1
simplici, 4
simplifi, 2
simul, 54
simultan, 23
sinc, 32
singan, 1
singl, 41
single-ag, 1
single-lay, 1
single-model, 1
single-object, 1
single-sent, 1
single-sourc, 1
single-stag, 4
singular, 2
sinhala, 1
sinhala-english, 1
sinhala-tamil, 1
sinir, 3
sinkhorn, 1
sinr, 1
sinusoid, 1
site, 8
situat, 7
six, 5
six-leg, 1
sixth, 1
size, 39
skeleton, 1
sketch, 2
skew, 1
ski, 4
skill, 3
skin, 2
skip, 1
sl-fnn, 1
slaa, 3
slas, 1
slice, 5
slice-asa-, 1
slide, 4
slide-level, 1
slight, 1
sll, 1
slot, 8
slow, 3
slower, 1
sma, 4
small, 31
small-loss, 1
small-norm, 1
small-scal, 1
small-siz, 2
smaller, 12
smallest, 1
smart, 5
smartgrad, 1
smartphon, 1
smooth, 17
smoother, 3
smt, 3
snapshot, 3
snip, 1
snn, 14
snns, 9
snr, 9
snr-constrain, 1
so, 1
so-cal, 1
soc, 6
social, 43
social-gan, 1
societ, 1
societal-level, 1
societi, 1
socio-econom, 1
socio-techn, 1
socioeconom, 1
sociolect, 1
sociolog, 1
soda, 1
soft, 12
softcor, 4
softer, 1
softmax, 5
softplus, 1
softwar, 23
software-bas, 1
software-intens, 1
soh, 2
solar, 3
sole, 5
solid, 3
solitari, 4
solut, 87
solution-spac, 1
solv, 66
solver, 12
some, 5
someon, 1
sometim, 2
somewhat, 1
soon, 1
sophist, 5
sort, 6
sota, 6
sought, 2
sound, 13
sound-object, 1
sounddet, 5
sourc, 55
source-cod, 2
space, 94
span, 7
spanner, 5
spare, 1
spars, 12
sparser, 1
sparsiti, 7
spatial, 34
spatial-agnost, 1
spatial-shift, 2
spatial-specif, 2
spatial-tempor, 2
spatio-tempor, 10
spawn, 1
speak, 4
speaker, 3
speci, 15
special, 22
specialis, 4
species-bas, 1
specif, 75
specifi, 6
specimen, 1
spectra, 2
spectral, 13
spectrogram, 3
spectrum, 10
speech, 22
speech-to-text, 2
speechto-text, 1
speed, 22
speed-up, 1
speedup, 6
spell, 1
sphere, 3
spheric, 3
spike, 8
spirit, 1
spite, 1
spl, 1
spline, 1
split, 4
spoken, 1
spontan, 2
spoof, 5
sport, 1
spot, 7
spread, 9
spurious, 11
squar, 7
squarish, 1
squeezena, 1
sr, 7
sram-suc, 4
ssd, 4
ssl, 2
sss, 1
sss-prnu, 1
st, 1
stabil, 17
stabl, 16
stabli, 1
stack, 1
stackelberg, 3
staff, 1
stage, 25
stakehold, 1
stale, 2
stall, 1
stand, 1
standard, 56
stapl, 1
star, 1
start, 13
state, 46
state-abstract, 1
state-act, 2
state-back, 3
state-l, 1
state-level, 1
state-of-art, 3
state-of-th, 1
state-of-the-art, 95
state-of-theart, 1
statement, 1
static, 7
station, 3
stationari, 3
statist, 22
status, 11
stay, 2
stay-at-hom, 1
steadi, 1
steadili, 1
stealthi, 2
steer, 4
steffensen, 2
steganograph, 3
steganographi, 2
stein, 1
stem, 1
step, 45
stereo, 4
stick, 1
still, 26
stimuli, 1
stimulus, 4
stipul, 1
stl-10, 1
stl10, 1
stochast, 38
stock, 1
stop, 4
storag, 14
store, 6
straggler, 3
straight, 1
straight-lin, 1
straightforward, 2
strain, 3
strain-limit, 1
strand, 1
strassen, 1
strateg, 2
strategi, 61
stratifi, 1
stream, 29
street, 6
streetview, 1
strength, 7
stress, 9
stretch, 1
strict, 6
stride, 1
strike, 2
string, 2
strong, 29
stronger, 3
strongest, 2
strongly-, 2
structur, 105
structure-regular, 1
struggl, 1
student, 15
student-t, 1
studi, 169
studio, 1
stupend, 1
style, 19
style-bas, 2
style-specif, 1
styleform, 4
stylegan, 1
stylegan2, 4
stylegan2-ada, 1
stylist, 1
su, 1
sub-area, 1
sub-branch, 1
sub-class, 2
sub-diffus, 1
sub-exponenti, 1
sub-graph, 2
sub-optim, 4
sub-popul, 1
sub-problem, 1
sub-quadrat, 1
sub-sampl, 1
sub-system, 1
subcategori, 1
subclass, 1
subdetermin, 1
subgraph, 3
subgroup, 2
subject, 29
subject-shar, 1
subject-specif, 1
subject-to-subject, 1
submiss, 1
submitt, 1
submodular, 4
subnetwork, 2
suboptim, 2
subproblem, 1
subreddit, 2
subsampl, 1
subseason, 1
subsequ, 8
subset, 19
subset-a, 1
subset-b, 1
subsidi, 2
subspac, 4
subspace-bas, 1
substanti, 14
substitut, 1
subtask, 5
subtext, 3
subtre, 1
subword, 1
suc, 2
succeed, 4
success, 45
successor, 2
succinct, 1
such, 13
sudoku, 1
suffer, 8
suffici, 14
suggest, 19
suit, 18
suitabl, 19
sum, 2
sum-load, 1
summar, 13
summari, 7
summat, 4
super-resolut, 8
super-resolv, 1
supercomput, 1
superimpos, 1
superior, 18
superpixel, 2
superposit, 2
superresolut, 1
supervis, 36
supervisori, 3
suppli, 2
support, 41
suppress, 6
sure, 2
surfac, 32
surfacegrid, 1
surg, 4
surgic, 2
surpass, 5
surpris, 5
surrog, 6
surround, 8
survey, 15
surviv, 4
suscept, 1
suspici, 2
sustain, 1
svc, 1
swarm, 1
swath, 13
sweet, 1
sweet-spot, 2
swift, 1
swin, 4
swish, 2
switch, 2
switchabl, 1
switzerland, 1
symbol, 8
symmetr, 4
symmetri, 9
symmetry-enforc, 1
symnmf, 3
symplect, 10
symptom, 1
synchron, 12
synchrotron, 1
synergi, 1
syntact, 5
syntax, 3
synthes, 7
synthesi, 11
synthesis-bas, 2
synthet, 14
synthetically-gener, 1
system, 213
system-level, 1
system-linear, 1
system-test, 1
systemat, 14
t, 9
t+1, 1
t-ebano, 3
t-junction, 2
t-sne, 1
t5, 1
t_\mathrm, 3
tabl, 6
tabular, 2
tackl, 17
tadoc, 4
tag, 10
tagger, 3
tailor, 4
take, 42
taken, 5
tall, 1
tamil, 2
tamil-english, 1
tangent, 2
tanh, 1
target, 61
target-bas, 2
task, 268
task-adapt, 1
task-agnost, 2
task-awar, 1
task-driven, 1
task-irrelev, 1
task-level, 1
task-relev, 3
task-specif, 5
taxonomi, 3
tcia, 1
tcis, 1
td, 2
td3, 1
tdgia, 4
teach, 1
teacher, 4
teacher-stud, 1
team, 5
technic, 10
techniqu, 90
technolog, 23
tedious, 4
telecommun, 1
telegram, 1
teleoper, 2
televis, 1
temnothorax, 1
temperatur, 7
templat, 4
tempor, 29
temporally-predict, 1
ten, 7
tenant, 2
tencent, 1
tend, 13
tendenc, 1
tensor, 16
tensorflow, 1
tenur, 1
terabyte-scal, 1
term, 60
termin, 1
terra, 1
terrain, 8
terrestri, 2
tertiari, 1
test, 78
test-oth, 1
tex-tur, 1
text, 53
text-bas, 1
textual, 12
textur, 4
texture-perceiv, 2
textureless, 1
th, 3
thank, 3
that, 5
the, 379
thecreat, 1
theimag, 1
theme, 2
then, 22
theoret, 37
theori, 29
theory-back, 1
therapi, 2
there, 11
therebi, 8
therefor, 25
thereof, 1
thermal, 9
thermodynam, 1
thermoelast, 2
thermograph, 4
these, 47
thesi, 1
they, 6
thg, 3
thing, 4
think, 1
third, 6
third-, 1
third-ord, 1
third-part, 1
third-parti, 1
third-person, 1
thirty-on, 1
this, 190
thorough, 3
those, 3
though, 13
thought, 3
thousand, 4
thread, 3
thread-level, 1
thread-saf, 1
threat, 3
three, 56
three-channel, 1
three-dimension, 1
three-lay, 1
three-point, 1
threefold, 2
threshold, 5
through, 8
throughout, 6
throughput, 9
throw, 1
thumb, 1
thus, 41
thwart, 1
thz, 1
ticket, 4
tie, 3
tie-break, 2
tif, 1
tight, 3
tightly-coupl, 1
tikhonov, 1
tiktok, 1
time, 145
time-align, 1
time-consum, 1
time-delay, 1
time-depend, 1
time-domain, 1
time-effici, 1
time-frequ, 1
time-seri, 1
time-step, 7
time-to-market, 2
time-vari, 2
timescal, 3
timing-interv, 1
tini, 5
tinyml, 1
tissu, 4
titl, 2
tm-em3000, 1
tmud, 3
to, 128
to/from, 1
today, 4
toe, 1
togeth, 13
toil, 2
token, 12
token-, 1
token-level, 1
token-mix, 4
token-wis, 2
toler, 2
tomorrow, 1
tone, 2
tool, 54
tool-support, 1
toolkit, 2
tooltip, 1
top, 6
top-, 2
top-1, 2
top-k, 3
topic, 36
topic-rel, 1
topic-word, 1
topics/new, 1
topographi, 1
topolog, 20
tor, 3
total, 11
touch, 2
toward, 26
tower, 3
town, 1
toxic, 5
toy, 1
trace, 4
trace-bas, 1
track, 22
tracker, 2
tract, 1
tractabl, 3
trade, 8
trade-of, 1
trade-off, 6
tradeoff, 8
trader, 1
traders/visitor, 1
tradit, 29
traffic, 21
train, 266
trainabl, 4
training-task, 1
training-test, 1
trait, 2
trajectori, 24
trans-form, 1
transcrib, 2
transcript, 3
transcripts-bas, 1
transduct, 4
transfer, 45
transform, 73
transformer-bas, 10
transformer-encod, 2
transfrom, 1
transit, 13
transition-bas, 2
translat, 26
transmiss, 7
transmit, 4
transmitt, 4
transpar, 7
transport, 18
transvect, 1
transvers, 2
travel, 6
travers, 12
treat, 10
treatment, 3
tree, 13
treebank, 4
tremend, 8
tremor, 1
trend, 6
tri, 5
trial, 4
trial-and-error, 1
trick, 2
trigger, 13
tripl, 2
triplet, 3
trivial, 4
trpo, 3
true, 6
truli, 1
truncat, 1
trust, 21
trust-a, 1
trustworthi, 2
trustzon, 1
truth, 10
try-on, 3
tsgd, 3
tube, 2
tumor, 2
tunabl, 2
tune, 13
tupl, 3
turbin, 4
turbul, 5
turk, 1
turn, 9
turn-tak, 1
twa, 1
tweedi, 1
tweet, 19
tweetpap, 1
tweetscov19, 1
twelv, 1
twice, 4
twin, 2
twitter, 12
two, 135
two-dimension, 1
two-hop, 1
two-input, 2
two-lay, 2
two-level, 4
two-person, 1
two-phas, 2
two-play, 2
two-round, 1
two-speak, 1
two-stag, 5
two-step, 2
two-tow, 1
two-us, 1
two-vari, 1
two-way, 2
twofold, 1
twsp, 3
type, 53
type-specif, 1
typic, 35
typologically-rel, 1
u-net, 3
u-shap, 1
uav, 21
ubiquit, 4
uc, 1
ucca, 1
ucf51, 1
uchi, 4
uci, 1
ue, 4
ug, 1
ui, 8
uk, 1
ukrainian, 1
ull, 2
ultim, 1
ultra-long, 2
ultra-low, 1
ultra-low-pow, 2
ultra-reli, 2
umap, 1
un-annot, 1
un-cur, 1
unabl, 1
unabridg, 3
unaccept, 1
unannot, 2
unauthor, 2
unavail, 3
unavoid, 2
unbalanc, 1
unbias, 3
unbound, 2
uncertain, 2
uncertainti, 11
uncertainty-awar, 1
unchang, 1
unclear, 2
unclon, 1
uncod, 1
uncomfort, 1
uncondit, 5
unconstrain, 2
undeni, 1
under, 21
under-explor, 1
under-perform, 1
under-provis, 1
under-repres, 1
underexplor, 1
underexpos, 1
underli, 1
underlin, 1
underpin, 1
undersampl, 1
understand, 40
understood, 7
understudi, 1
undertak, 1
undertaken, 1
undervalu, 1
underwat, 3
undistort, 1
unearth, 1
uneven, 1
unexpect, 2
unexplor, 2
unfair, 6
unfamiliar, 1
unfortun, 5
uni-gram-bas, 1
unichain, 1
unifi, 15
unifiedqa, 1
uniform, 5
unimod, 1
uninterrupt, 1
union, 1
uniqu, 13
unit, 15
unit-norm, 1
unit-test, 1
uniti, 1
univers, 7
unknown, 9
unlabel, 12
unless, 1
unlicens, 1
unlik, 13
unlock, 1
unman, 3
unmodifi, 1
unnecessari, 2
unnecessarili, 2
unoccupi, 2
unsaf, 1
unseen, 6
unsight, 1
unsolicit, 1
unsolv, 2
unstat, 1
unstructur, 4
unsuit, 1
unsupervis, 33
unsurpris, 1
untarget, 1
untrim, 2
untrust, 1
unus, 1
unveil, 1
uod, 2
up-sampl, 1
upcom, 1
updat, 31
upfront, 1
upgrad, 3
uplink, 1
upload, 1
upon, 11
upper, 11
upper-confid, 1
upris, 1
uptak, 1
upvot, 1
upw, 2
urban, 6
urd, 1
urdu, 4
url, 1
urllc, 1
us, 15
usag, 12
usd, 1
usd/kwh, 1
use, 510
use-cas, 3
user, 97
user-adapt, 1
user-defin, 4
user-friend, 1
user-guid, 1
user-model, 1
user-specifi, 1
usual, 25
util, 46
utilis, 2
utilitarian, 2
utmost, 3
utter, 3
utterance-pair, 3
ux, 1
vacant, 2
vaccin, 6
vae, 2
valid, 51
valu, 32
valuabl, 4
valuat, 2
value-bas, 1
vanilla, 6
vanish, 1
vari, 14
variabl, 34
varianc, 9
variant, 25
variat, 23
varieti, 38
various, 67
vast, 3
vbtone, 1
vector, 36
veget, 3
vehicl, 29
vehicular, 4
veloc, 5
vendor, 1
verbal, 1
verif, 13
verifi, 25
verifli, 1
verilog-to-rout, 1
versatil, 2
version, 10
versus, 4
vertebr, 1
vertex, 3
vertic, 10
via, 41
viabil, 1
viabl, 2
vib, 1
vice, 2
video, 48
video-bas, 2
view, 33
view-invari, 1
viewpoint, 2
vineyard, 1
violat, 3
viou, 1
viral, 1
virtu, 1
virtual, 14
virtual-kernel, 2
vis, 1
visda, 1
visibl, 12
visible-light, 1
vision, 34
vision-bas, 2
visit, 4
visual, 60
visual-bas, 1
visual-decept, 1
vit, 17
vital, 8
vlasov-poisson, 2
vlsi, 1
vms, 1
vmt, 2
vocabulari, 6
vocod, 2
voic, 1
volatil, 2
volum, 8
volunt, 1
vortex, 1
vrp, 1
vsr, 9
vt, 2
vtr, 2
vulner, 22
w-space, 3
wait, 1
wake, 1
walk, 7
walkabl, 2
wall, 3
wang, 1
want, 1
warehous, 1
warfar, 1
warn, 2
warp, 5
warpag, 1
warper, 1
wasserstein, 1
wast, 2
water, 4
watercraft, 1
watermark, 3
wav2vec, 1
wave, 12
waveform, 5
wavefront, 1
wavelet, 5
wavenet, 1
way, 43
we, 497
weak, 12
weaker, 2
weakly-label, 2
weakly-supervis, 5
wear, 1
weather, 2
web, 6
web-bas, 1
websit, 4
wedge-shap, 1
weibo, 1
weight, 36
weisfeiler-leman, 1
welfar, 1
well, 74
well-annot, 1
well-defin, 2
well-design, 1
well-establish, 1
well-known, 7
well-perform, 1
well-pos, 1
well-structur, 1
well-studi, 2
well-suit, 3
well-train, 1
weno-z, 1
wenzel, 1
wer, 1
werr, 2
wetland, 4
what, 4
wheel, 1
wheelchair, 1
when, 11
whenev, 1
where, 1
wherea, 6
wherebi, 1
wherein, 4
whether, 17
which, 1
while, 27
whilst, 1
white-box, 3
whole, 13
whose, 10
wide, 41
wide-field, 1
wide-rang, 1
widely-us, 1
widespread, 2
width, 6
width-inform, 1
wikipedia, 1
wikipedia-bas, 1
wild, 2
will, 1
win-win, 1
wind, 5
window, 7
winner, 1
wire, 5
wireless, 14
wisdom, 1
wise, 1
wit, 2
with, 28
with-replac, 3
within, 37
within-mod, 1
without, 55
without-replac, 3
witwatersrand, 1
wl, 2
wm, 2
wn18rr, 1
woodruff, 1
word, 30
word2vec, 1
work, 189
worker, 6
workflow, 6
workhors, 1
workload, 16
workshop, 3
workspac, 1
world, 18
worldwid, 2
wors, 6
worsen, 1
worst, 2
worst-cas, 8
worth, 4
would, 13
wrench, 2
write, 8
write-pend, 2
writer, 1
written, 7
wrong, 4
wsi, 3
wsis, 5
x, 7
x-codah, 1
x-csqa, 1
x-former, 1
x-ray, 6
xai, 6
xavier, 1
xci, 1
xiangya, 1
xl, 1
xl-mimo, 4
xlnet, 2
yaw, 2
year, 20
yet, 22
yield, 14
yolo, 1
yolov3, 1
yolov5, 1
youtub, 1
youtubevos-vi, 1
youtubevos-vis2021, 1
yunqu, 1
z, 1
z-anonym, 6
zero, 6
zero-cost, 3
zero-cost-pt, 1
zero-delay, 1
zero-forc, 1
zero-on, 1
zero-shot, 11
zero-sum, 1
zf, 1
zhihu, 1
zimmert, 4
zsc, 5
